袗薪邪褋褌邪褋懈褟	475
袝谢械薪邪	447
袗薪薪邪	412
袗褉褌械屑	396
孝邪褌褜褟薪邪	371
袦邪泻褋懈屑	367
袙懈泻褌芯褉懈褟	364
袦邪褉懈褟	359
袨谢褜谐邪	358
袧邪褌邪谢褜褟	352
袝泻邪褌械褉懈薪邪	342
袣懈褉懈谢谢	341
袗谢械泻褋邪薪写褉	339
袠褉懈薪邪	327
袩芯谢懈薪邪	319
袛邪褉褜褟	313
袧懈泻懈褌邪	308
袠胁邪薪	306
袣褋械薪懈褟	290
袝谐芯褉	287
袝谢懈蟹邪胁械褌邪	279
袛屑懈褌褉懈泄	277
小胁械褌谢邪薪邪	274
袦懈褏邪懈谢	268
袠谢褜褟	252
袛邪薪懈懈谢	243
小芯褎懈褟	228
袗谢械泻褋邪薪写褉邪	227
小芯褎褜褟	219
袗谢械泻褋械泄	215
袗薪写褉械泄	213
袙邪谢械褉懈褟	212
袦邪褌胁械泄	207
挟谢懈褟	205
袦邪褉懈薪邪	204
袗谢懈薪邪	202
袙械褉芯薪懈泻邪	192
小械褉谐械泄	186
携褉芯褋谢邪胁	177
孝懈屑芯褎械泄	168
袗褉懈薪邪	168
袙邪褉胁邪褉邪	158
袗谢械薪邪	156
袧邪写械卸写邪	153
袚邪谢懈薪邪	149
袗谢懈褋邪	147
校谢褜褟薪邪	147
袣褉懈褋褌懈薪邪	143
袗褉褋械薪懈泄	138
袪芯屑邪薪	138
袙谢邪写懈褋谢邪胁	129
袙邪褋懈谢懈褋邪	129
袙谢邪写懈屑懈褉	126
袛懈邪薪邪	126
袥褞写屑懈谢邪	121
袙邪谢械薪褌懈薪邪	114
袛械薪懈褋	110
袩邪胁械谢	110
袥褞斜芯胁褜	110
小械屑械薪	107
小褌械锌邪薪	106
小邪褕邪	104
袙械褉邪	104
袛邪薪懈谢邪	102
袧懈泻芯谢邪泄	98
袚谢械斜	94
袗薪谐械谢懈薪邪	90
袣芯薪褋褌邪薪褌懈薪	89
袝胁谐械薪懈泄	88
袨泻褋邪薪邪	87
袦懈谢邪薪邪	86
袦邪褉谐邪褉懈褌邪	84
袣邪褉懈薪邪	84
携薪邪	84
袦邪褉泻	82
孝懈屑褍褉	77
袝胁谐械薪懈褟	77
袣懈褉邪	76
袗薪褌芯薪	76
袧懈薪邪	76
袠谐芯褉褜	75
袙邪写懈屑	71
袚械芯褉谐懈泄	69
袛懈屑邪	68
肖械写芯褉	68
袝胁邪	67
袪褍褋谢邪薪	63
袦邪泻邪褉	62
袘芯谐写邪薪	62
袧邪褋褌褟	60
孝邪懈褋懈褟	59
袨谢械褋褟	59
袥邪褉懈褋邪	57
袥械胁	57
袚褉懈谐芯褉懈泄	55
小邪胁械谢懈泄	55
袨谢械谐	53
袦邪褕邪	51
袥懈蟹邪	50
袦懈褕邪	50
袛邪褕邪	50
袙褟褔械褋谢邪胁	50
挟褉懈泄	48
袙懈泻褌芯褉	48
袥懈谢懈褟	47
袗屑懈薪邪	46
袦懈谢械薪邪	44
袟谢邪褌邪	43
袠薪薪邪	42
袙懈泻邪	41
袗谢谢邪	40
小褌邪薪懈褋谢邪胁	39
袛邪褉懈薪邪	38
袗薪褟	37
袣邪褌褟	37
袥懈写懈褟	37
小芯薪褟	36
袟邪褏邪褉	35
孝邪屑邪褉邪	35
袛邪胁懈写	33
袛邪薪懈谢	32
袙邪褉褟	32
袥械芯薪懈写	31
袦邪泄褟	30
袙邪褋懈谢懈泄	30
协谢懈薪邪	29
袝褋械薪懈褟	29
袩械褌褉	29
袙懈褌邪谢懈泄	29
袣褋褞褕邪	29
袙谢邪写	28
袩谢邪褌芯薪	28
袣芯褋褌褟	28
袦懈褉芯褋谢邪胁邪	28
袞邪薪薪邪	27
袗褉褌械屑懈泄	27
袦褍褏邪屑屑邪写	26
袗褉褌褍褉	26
袙邪薪褟	26
袙邪谢械褉懈泄	26
袗薪卸械谢懈泻邪	25
协谢褜胁懈褉邪	24
袧懈泻邪	24
袦懈褉芯薪	24
袥械褉邪	23
袞械薪褟	21
袗薪邪褌芯谢懈泄	21
袛械屑懈写	21
袧邪褌邪谢懈褟	20
袙褋械胁芯谢芯写	20
袙芯胁邪	20
校屑邪褉	19
袝谢懈褋械泄	19
袙懈芯谢械褌褌邪	19
袧懈泻芯谢邪械胁薪邪	19
协屑懈谢懈褟	19
袙邪谢械薪褌懈薪	18
袪芯屑邪	18
袗谢褜斜懈薪邪	17
袗写械谢懈薪邪	16
袗谢懈	16
小邪斜懈薪邪	15
袥邪写邪	15
袗谢械褋褟	15
袗薪褌芯薪懈薪邪	15
小邪屑懈褉邪	15
袛邪薪褟	15
小胁褟褌芯褋谢邪胁	15
袗屑懈褉	14
袦邪写懈薪邪	14
袣邪褉芯谢懈薪邪	14
袣邪屑懈谢谢邪	14
小薪械卸邪薪邪	14
袗谢械褕邪	13
袪邪懈褋邪	13
袗谢械泻褋邪薪写褉芯胁薪邪	13
携褉芯褋谢邪胁邪	13
袦懈褉芯褋谢邪胁	13
袚械褉屑邪薪	13
袪芯写懈芯薪	13
袠胁邪薪芯胁薪邪	13
袙谢邪写邪	13
袘芯褉懈褋	13
袥械泄谢邪	12
袧械谢谢懈	12
挟谢褟	12
协胁械谢懈薪邪	12
袟芯褟	12
袗谐邪褌邪	12
袙懈泻褌芯褉芯胁薪邪	11
袙谢邪写懈褋谢邪胁邪	11
孝邪薪褟	11
小邪胁胁邪	11
协写褍邪褉写	11
孝懈褏芯薪	11
袦懈谢邪	11
携褉芯屑懈褉	11
袪械谐懈薪邪	11
袧邪蟹邪褉	11
袙谢邪写懈屑懈褉芯胁薪邪	11
小械褉谐械械胁薪邪	11
袗薪邪褌芯谢褜械胁薪邪	11
袪褍褋褌邪屑	10
协谢褜屑懈褉邪	10
袦邪褉褜褟屑	10
袟邪泄薪邪斜	10
小谢邪胁邪	10
袥懈邪薪邪	10
袧懈泻芯谢褜	10
携褋屑懈薪邪	10
袚芯褉写械泄	10
小褌械褎邪薪懈褟	10
袗褏屑邪写	10
袚械薪薪邪写懈泄	10
袨谢褟	10
袗褉泻邪写懈泄	9
袝褎懈屑	9
袣芯谢褟	9
袗泄褕邪	9
袦懈褏邪泄谢芯胁薪邪	9
袗薪写褉械械胁薪邪	9
袠谐薪邪褌	9
挟褋褍褎	9
袦邪褉褟屑	9
协屑懈谢褜	9
袗谢懈褟	9
袠谢芯薪邪	9
袟懈薪邪懈写邪	9
小邪屑懈褉	8
小邪斜褉懈薪邪	8
挟褉褜械胁薪邪	8
袙懈褌邪谢懈薪邪	8
携薪	8
袦邪褉褜褟薪邪	8
袗谢械胁褌懈薪邪	8
袗褉褋械薪	8
袦褍褉邪写	8
袪芯斜械褉褌	8
袩械褌褉芯胁薪邪	8
袗薪褎懈褋邪	8
袪芯褋褌懈褋谢邪胁	8
袩褉芯褏芯褉	8
袦邪褉邪褌	8
袪懈屑屑邪	7
袛邪屑懈褉	7
袛懈薪邪褉邪	7
袛械屑褜褟薪	7
袗斜写褍谢谢芯	7
袩邪褕邪	7
袥懈褟	7
小褌邪褋	7
袛邪薪邪	7
袧邪写褟	7
袥懈写邪	7
袗泄谢懈薪	7
挟谢懈邪薪邪	7
小邪褎懈褟	7
袚芯褕邪	7
袥懈薪邪	7
袠屑褟	7
协褉懈泻	6
袗褏屑械写	6
袚褉懈褕邪	6
袙褟褔械褋谢邪胁芯胁薪邪	6
小械褉邪褎懈屑	6
肖邪褌懈屑邪	6
袪邪褋褍谢	6
袦邪褉褌邪	6
袪械薪邪褌	6
小邪懈写	6
小械褉械卸邪	6
袦褍褋谢懈屑	6
袝胁谐械薪褜械胁薪邪	6
袥械薪邪	6
袥械褕邪	6
小械褉邪褎懈屑邪	6
袗褉褏懈锌	6
袙邪褋懈谢懈薪邪	6
袗屑懈薪	5
协谢谢懈薪邪	5
袦邪褉懈邪薪薪邪	5
袦械谢邪薪懈褟	5
袪芯蟹邪	5
袠谐芯褉械胁薪邪	5
袗褋褟	5
携泻芯胁	5
袪芯斜懈褟	5
袣邪屑懈谢邪	5
袗屑械谢懈褟	5
肖械写褟	5
协屑懈薪	5
袗懈褕邪	5
小褍屑邪褟	5
袙邪谢褟	5
袙谢邪写谢械薪邪	5
袨懈褕邪	5
袠斜褉芯褏懈屑	5
袦邪谐芯屑械写	5
袙邪褋懈谢褜械胁薪邪	5
袣邪褌械褉懈薪邪	5
袥褞斜邪	5
袦邪谢懈泻邪	5
小薪懈蟹褍	5
袗谐薪懈褟	5
孝褉芯褎懈屑	5
袗褉懈邪薪邪	5
肖芯褌懈屑邪	5
袙邪谢械褉邪	5
小械胁邪	5
袗褋懈褟褌	4
袗泄褋褍薪	4
袨屑邪褉	4
袗薪卸械谢邪	4
袥褍褋懈薪械	4
袗斜褍斜邪泻褉	4
孝懈谐褉邪薪	4
袞邪褋屑懈薪	4
啸邪写懈褔邪	4
袠谢褜写邪褉	4
协谢褜写邪褉	4
袘芯谐写邪薪邪	4
袗谢褋褍	4
袠薪谐邪	4
袠褉邪	4
协屑屑邪	4
孝邪褉邪褋	4
挟褉邪	4
袥褍泻邪	4
袟邪屑械薪懈褌褜	4
袪懈褌邪	4
袛邪薪懈褝谢褜	4
袗薪懈褋懈褟	4
袠写褉懈褋	4
袛懈薪邪	4
袥懈谢褟	4
袥邪薪邪	4
啸邪写懈卸邪	4
袦褍褋褌邪褎芯	4
啸邪谢懈写	4
肖懈谢懈锌锌	4
袗谢懈褋懈褟	4
小胁械褉褏褍	4
袗屑懈褉邪	4
袗屑懈褉褏邪薪	4
袥懈泻邪	4
袠薪械褋褋邪	4
孝邪褟	4
袣谢懈屑	4
袘邪褏褌懈褟褉	4
袟邪屑懈褉邪	4
小胁械褌邪	4
袪邪写芯屑懈褉	4
袚褞薪械谢褜	3
袧懈谐懈薪邪	3
肖邪褉懈写邪	3
袗泄褏邪薪	3
袦邪谢懈泻	3
袥褍懈蟹邪	3
袗谢懈泻	3
袗褉屑邪薪	3
袠谢泻懈薪	3
协谢褜褕邪薪	3
协谢褜胁懈薪	3
小邪褉懈褟	3
袦褍褏邪屑邪写	3
肖邪褉懈写	3
袗褕芯褌	3
小邪褉邪	3
孝褍褉邪薪	3
协屑懈褉	3
袛邪褉懈褟	3
袥懈谢懈邪薪邪	3
袠褋屑邪懈谢	3
袥械芯薪	3
协谢褜薪邪褉邪	3
袣褉懈褋褌懈邪薪	3
袗写邪屑	3
小褌械锌邪	3
袧芯薪薪邪	3
协谢谢邪	3
袗谐谢邪褟	3
袦懈谢芯褋谢邪胁邪	3
袠屑褉邪薪	3
袗懈写邪	3
小胁褟褌芯褋谢邪胁邪	3
袨谢懈胁懈褟	3
袦邪褉褍褋褟	3
挟谢懈邪薪薪邪	3
袘懈谢芯谢	3
袠斜褉邪谐懈屑	3
挟褋懈褎	3
袥芯谢邪	3
小褌邪薪懈褋谢邪胁邪	3
袪邪屑邪蟹邪薪	3
袨屑懈薪邪	3
楔褍泻褉芯薪邪	3
袦褍褏邪屑屑械写	3
袗斜写褍褉邪褏屑芯薪	3
袨谢械谐芯胁薪邪	3
袗褋褋芯谢褜	3
袗薪懈褋褜褟	3
袧懈薪械谢褜	3
袗谢懈褕械褉	3
袝褋懈薪	3
袟谢邪褌芯褋谢邪胁邪	3
袣谢懈屑械薪褌	3
袝褉械屑械泄	3
袗锌芯谢谢懈薪邪褉懈褟	3
袗胁褉芯褉邪	3
袙懈褌褟	3
袗薪邪褋	3
袣谢邪胁写懈褟	3
袗斜写褍谢谢芯褏	3
袪懈邪薪薪邪	3
袗泄褋褍	3
袙邪谢械薪褌懈薪芯胁薪邪	3
袝胁邪薪谐械谢懈薪邪	3
袣芯屑懈谢	3
袦褍褏邪屑屑邪写邪谢懈	3
袛懈屑懈褌褉懈泄	3
袧褍褉屑褍褏邪屑屑邪写	2
袗褟薪	2
小械胁懈薪写卸	2
袪褍泻懈褟	2
袚褍谢薪褍褉邪	2
小褍谢械泄屑邪薪	2
袣邪褉懈屑	2
袦褍薪懈褉邪	2
袛褍褉写芯薪邪	2
孝邪屑懈褉谢邪薪	2
校谢褍谐斜械泻	2
小褌械谢谢邪	2
袙邪褉褍卸邪薪	2
携褋懈薪	2
楔邪斜薪邪屑	2
袗褎械褌	2
袠褋屑芯懈谢	2
袦邪薪懈卸邪	2
袗谢械薪	2
袝胁写芯泻懈褟	2
袧邪褉械泻	2
袧邪褌械谢邪	2
袛芯褋褌芯薪	2
袨褉褏邪薪	2
袠褋邪	2
袧懈谐褟褉	2
小邪泻懈薪邪	2
袠褋谢邪屑	2
袙懈褌邪谢褜械胁薪邪	2
协谢褜屑懈褉	2
协谢褜蟹邪	2
小褍薪邪邪	2
袛邪褍写	2
啸邪褎褋邪	2
啸邪写懈写卸邪	2
袗谢懈斜械泻	2
小械褉谐械械胁邪	2
袛邪褉懈泄	2
袙懈谢械薪邪	2
袧褍褉懈褟	2
袦邪褉懈	2
袠褎褉懈蟹	2
袗褉邪屑	2
袘械褏褉褍蟹	2
袩邪褉胁懈蟹	2
袧邪写懈褉	2
袛邪胁谢邪褌斜邪褏褌	2
袩芯褌邪锌	2
肖懈褉褍蟹邪	2
携懈邪	2
袪邪褟薪邪	2
袗褉褋谢邪薪	2
袦邪褏懈褉邪	2
校褋褌懈薪褜褟	2
袟械泄薪邪斜	2
袦芯薪懈泻邪	2
协谢械薪	2
袦懈邪褏邪懈谢	2
袘芯卸械薪邪	2
袦邪褉褌懈薪	2
袛芯屑懈薪懈泻	2
袝胁褋械泄	2
小械胁邪褋褌褜褟薪	2
袨褋泻邪褉	2
袚谢邪褎懈褉邪	2
袗斜写褍褉邪褏懈屑	2
袦褍褉芯写	2
袠薪薪芯泻械薪褌懈泄	2
袘芯褉懈褋谢邪胁	2
肖懈谢懈锌锌芯胁薪邪	2
袠谢邪褉懈褟	2
袦懈褉邪	2
袗谢械泻褋械械胁薪邪	2
袦懈褌褟	2
袟邪褉懈薪邪	2
袗谢械褎褌懈薪邪	2
袟邪谢懈薪邪	2
袪邪褎邪械谢	2
袦懈褟	2
袦褍褋邪	2
袛懈谢邪褎褉褍蟹	2
肖邪懈薪邪	2
袨褌泻褉褘褌褜	2
协谢褜胁懈薪邪	2
楔邪褏蟹芯写邪	2
袥芯褉邪	2
袗屑邪谢懈褟	2
袣邪褉械薪	2
袛芯斜褉褘薪褟	2
袨谢懈屑锌懈褟	2
协褉薪械褋褌	2
袪械薪邪	2
袦褍薪懈褋邪	2
袣褍蟹褜屑邪	2
袗褟蟹	2
袚褍褋械泄薪	2
袗谢褜斜械褉褌	2
袦褍褏邪屑屑邪写褞褋褍褎	2
袗薪褞褌邪	2
袠谢褜泻懈薪	2
袩芯谢邪写	2
袟械屑褎懈褉邪	2
袛卸芯胁懈写	2
袣邪屑懈谢褜	2
袦懈谢邪薪	2
小褞写邪	2
袙邪褏懈写	2
袦邪褉褋械谢褜	2
袪邪写邪	2
袧邪褌邪褕邪	2
袥懈褌胁懈薪械薪泻芯	2
小械褉械写懈薪邪	2
袗泻懈屑	2
协屑懈谢懈	2
袣褍写褉褟褕芯胁	2
袗谢懈泻邪	2
携薪懈薪邪	2
啸邪谢懈谢	2
袥邪褍褉邪	2
袛褝胁懈写	2
袗谢懈褏邪薪	2
袨泄褕邪	2
袝褋褍屑邪薪	2
袗谐懈谢	2
小械胁懈谢	2
袗薪邪褉	2
袚褍谢褟	2
孝邪褋褟	2
小邪褉写芯褉	2
袣褍蟹褟	2
小邪褎懈褉邪	2
袗谢械泻褋懈	2
袦邪褋泻懈屑	2
小械写邪	2
孝械芯薪邪	2
袥械芯薪邪褉写	2
袧懈谢褍褎邪褉	2
袗斜写褍谢谢邪	2
孝邪屑械褉谢邪薪	2
校褋屑芯薪	2
小邪泄械写	2
袦褍褋谢懈屑邪	2
袗蟹懈蟹邪	2
袦邪屑械写	2
袚褍谢褜薪邪褉邪	2
袗褉邪懈泻	2
袧械谢褟	2
袪邪屑懈械	2
袟邪屑懈褉	2
袛卸褍谢懈褟	2
袟褍褏褉邪	2
袪邪屑蟹懈褟	2
袙懈褌邪谢懈褟	2
袛芯胁褍写	2
袟褍谢邪泄褏芯	2
袦邪褎褌褍薪邪	2
袙褜械褌	2
楔芯薪谐	2
袥芯谢懈褌邪	2
袗薪懈	2
袛邪谢械褉	2
袧褍褉懈写写懈薪	2
袪邪褕懈写	2
袚褍谢邪薪写芯屑	2
袘芯褉懈褋芯胁薪邪	2
袛邪薪懈褝谢邪	2
孝邪懈褋懈褋褟	2
孝邪懈褋邪	2
袟邪褍褉	2
袙芯褋锌懈褌邪褌械谢褟	2
袨褋褌邪胁懈褌褜	2
袪邪屑邪蟹芯薪	2
袛邪薪懈谢褜	2
协谢械芯薪芯褉邪	2
携褋屑懈薪	2
袦械褏褉褍斜芯薪	2
袗斜写褍谢	2
袘邪泄泻褍蟹懈薪	2
袞邪褏芯薪谐懈褉	2
袨泄卸邪屑芯谢	2
袙邪谢械褉褜械胁薪邪	2
袦械写懈薪邪	2
袗褎褉褍蟹	2
袝褉屑褍褏邪屑屑械写	1
袨谢懈屑邪	1
袦邪褉懈邪屑	1
袦械谢懈薪邪	1
袟邪屑械写写懈薪	1
小邪褉褏邪薪	1
袚褞谢邪褉	1
袧邪褉谐懈蟹	1
啸邪泻泻	1
小褍谐写懈械薪邪	1
袠屑褉芯薪	1
楔邪褏邪谢懈屑	1
小邪谢懈写邪褌	1
袘械褏褉褍蟹斜械泻	1
袦邪褏屑邪写斜械泻芯胁	1
袟褍斜邪泄褉	1
啸懈蟹褉写卸芯薪	1
啸懈蟹褉卸邪薪	1
肖邪褉懈写械	1
袗斜写褍褋邪褌芯褉	1
袪邪写屑懈谢邪	1
小懈褌芯懈褕	1
袠屑邪屑	1
袪邪懈谢褟	1
啸邪谢懈写邪	1
袗褉褌邪褕械褋	1
小褍械泻	1
袗褉邪泻褋褟	1
袘邪谐写邪薪	1
袠谢褜褟褋	1
袚邪褟薪械	1
袚邪褟薪褝	1
楔邪褏薪芯蟹邪斜芯薪褍	1
袙邪褉写褍懈	1
袧邪褉懈薪械	1
袦械薪褍邪	1
袥懈谢械褌	1
啸邪褔懈泻	1
楔褍邪泄斜	1
袧褍褉谢邪薪	1
袘褍褉褟泻芯胁	1
袚褉邪褔械胁	1
袦懈褏邪泄谢芯胁	1
袩芯谢褟泻芯胁	1
袗谢械泻褋邪薪	1
小邪屑褍懈谢	1
袨褌褌懈谢懈褟	1
小谢邪写邪	1
袞褍泻芯胁	1
袦芯褉芯蟹芯胁	1
孝邪褏屑邪蟹	1
袥邪胁邪薪	1
袗谐懈谢褜	1
袗谢懈械胁	1
袛卸邪谢懈谢	1
袛卸邪褏邪薪谐懈褉	1
袦邪褏屑邪写褋邪懈写	1
袦懈褉邪谢懈	1
孝邪屑懈谢谢邪	1
协谢懈褎	1
啸邪薪懈褎邪卸芯薪	1
袘芯斜褉芯胁邪	1
袟邪斜懈褉泻芯	1
袩械褌褉芯胁邪	1
协胁邪谢褜写芯胁薪邪	1
袝胁褋褌懈谐薪械械胁邪	1
袞懈褏邪褉械胁邪	1
小褞蟹邪薪薪邪	1
袧懈写卸邪褌	1
袧懈褏邪褌	1
袚褍谢械褉邪	1
袘械泻薪邪蟹邪褉	1
袠斜邪写邪褌	1
袚芯蟹械薪	1
啸懈褏	1
袪邪褕懈写邪	1
袥械芯薪邪褉写芯	1
袘褍褉械薪泻芯胁邪	1
袗褉屑械薪	1
袝褋褌械褉	1
袚邪褉邪械胁邪	1
袗斜写褍谢谢芯写卸芯薪	1
袠写械斜械泻	1
袗褉蟹褍	1
袗褎懈薪邪	1
袙谢邪写懈褋谢邪胁芯胁薪邪	1
袛械屑懈褉	1
袗褉蟹芯	1
袨屑邪械写	1
袪芯写邪褋谢邪胁	1
袙懈薪芯谐褉邪写芯胁邪	1
袥邪胁褉械薪褌褜械胁薪邪	1
袨褌褉芯泻芯胁	1
携褋泻械胁懈褔	1
袗胁谐褍褋褌	1
袗薪写械泄	1
袦邪褉懈薪械	1
袣邪锌褌懈谢芯胁邪	1
袙邪薪芯	1
袗谢械泻蟹邪薪写褉	1
袛械薪懈写	1
袚械褉邪褋懈屑芯胁	1
袛械屑褔械薪泻芯	1
袝褉械屑械械胁	1
袞懈褉薪芯胁	1
袦邪褋邪谢芯胁	1
袪褍屑褟薪褑械胁	1
袗薪写褉懈邪薪薪懈泻芯胁薪邪	1
袣褍褑械斜芯	1
袟邪懈褉邪	1
袣邪薪邪薪	1
小械褎械褉	1
袝泻褍斜	1
袗谢懈屑	1
袗屑械写	1
袦褍褏邪屑邪写懈谢械褋	1
啸懈写芯	1
袛芯薪芯	1
袟邪褉械屑邪	1
袞懈谢械褟	1
袨褉褍写卸芯胁邪	1
袪芯蟹懈褟	1
袗屑械谢褜褟	1
袚褍谢谢邪褉	1
袞邪褋屑懈薪邪	1
袟褍屑褉褍写	1
袠褝褌邪褉	1
袧芯蟹邪薪懈薪	1
袪械薪邪褌邪	1
肖邪褉邪褏薪芯蟹	1
袛邪屑懈褉邪	1
小械胁懈谢褜	1
袧邪蟹懈屑	1
袞邪泻褕褘谢褘泻	1
协谢褜写邪薪邪	1
袦褍褋邪褏邪薪	1
袦邪褉泄邪屑	1
袦邪褉褜邪屑	1
啸邪褔懈写邪	1
袞邪薪懈谢邪斜芯薪褍	1
袠胁邪薪邪	1
袗泄泻	1
袙懈谢褜褟屑	1
袞邪薪	1
袛卸邪屑斜褍谢邪褌	1
袦褝褉懈	1
袘邪泄褋邪谢	1
袗泄写邪薪	1
袗褉懈褎	1
小邪谢懈屑薪邪蟹	1
袠褋屑邪写懈褟褉	1
袦械谢懈薪械	1
小褍谢械泄屑	1
小邪谢懈屑邪	1
袙邪褉褌邪薪	1
袛邪胁褉芯薪	1
袗泄邪薪邪	1
啸邪薪褍屑	1
协薪褉懈泻邪	1
袪械蟹械写邪	1
袘邪械蟹	1
袗斜写褍谢芯懈	1
袦邪褉褟屑懈	1
孝械屑褍褉斜械泻	1
袟褍谢褎懈	1
袪懈薪邪褌	1
袟褍褏褉芯斜芯薪褍	1
袘褍谢谐邪泻芯胁	1
校褋屑邪薪	1
袙懈褌芯褉懈褟	1
袦邪谢邪薪懈褟	1
袝谢薪邪	1
袠谢懈褟	1
小邪谢芯屑械	1
袦邪泻械械薪泻芯胁邪	1
小芯斜褉邪薪褋泻邪褟	1
挟褋褍褎写卸芯薪	1
袗斜写褍屑邪写卸懈写	1
袙褋胁械胁芯谢芯写	1
袙褟褔械胁谢邪胁	1
袘芯褔泻懈薪	1
袦邪薪褟	1
袣邪谢械褉懈褟	1
肖褉械写	1
袣谢懈屑械薪褌懈泄	1
袣褉懈褋褌薪邪	1
袧懈泻懈褎芯褉	1
袗褉褌械	1
袚锌谢懈薪邪	1
袪褍斜械薪	1
袥邪褉懈薪邪	1
袝胁械谐薪懈褟	1
袥懈邪	1
袦芯褏谢邪褉芯泄懈屑	1
袗薪胁邪褉	1
袦邪褋褉褍褉	1
袨泄懈褕邪	1
袠斜芯写褍谢谢芯	1
小褍薪邪褌褍谢芯	1
袦褍褎邪褉邪褏	1
袦褍褕邪褉邪褎	1
袦褍褗邪蟹	1
袛懈薪芯褉邪	1
袛屑懈褌褉懈械胁薪邪	1
袗泻褋械薪芯胁邪	1
袠褉褘褕泻芯胁邪	1
袣芯褉褋邪泻芯胁邪	1
袚褍褋械胁邪	1
袙褟褔械褋谢邪	1
携泻懈屑	1
袗泻褋懈薪褜褟	1
袝胁褋械胁懈泄	1
袪芯褟	1
效懈胁懈谢械胁邪	1
袛邪薪懈械谢褜	1
楔邪褏芯胁邪	1
小邪锌械褉芯胁邪	1
袣懈褉懈谢	1
袙谢邪写懈泻	1
袨褋褌邪锌	1
小褍薪邪褌写谢芯	1
袥械薪褟	1
校褏邪泄	1
笑褏邪泄	1
袪邪褎邪褝谢	1
袘邪卸械薪芯胁邪	1
袣芯褋褌懈薪邪	1
小械写芯胁邪	1
袚芯谢芯胁褍	1
啸褍褝薪	1
小邪懈写邪	1
袙褍褋邪谢	1
袗泄谢邪	1
袧邪蟹褉懈薪	1
孝褍泻械蟹斜邪薪	1
啸邪屑邪泄褟	1
袗泄褌邪褔	1
协褉胁懈薪	1
小芯屑懈谢褜	1
袪邪泄邪薪邪	1
袙懈褌邪谢懈泻	1
袝褎褉械屑芯胁薪邪	1
校谢褜褟薪谐邪	1
楔邪褏褉芯屑斜械泻	1
袚褍谢褟褉	1
袟懈褟	1
袠泻屑邪褌	1
挟褋懈胁	1
袦懈褉褞薪懈褋	1
袗泄褋械谢	1
袠褋褌邪泻	1
袘褍褏芯薪芯胁	1
袝褉卸邪薪芯胁	1
袪褍褋谢邪薪邪	1
袧芯褋懈屑	1
袟褍斜邪懈褉	1
袦邪泻褋褍屑	1
袦邪谢褜褔懈泻褍	1
袩械褉褕懈薪邪	1
小谢械胁邪	1
小褌邪薪懈褋谢邪胁谢械胁邪	1
袘械谢邪褟	1
袝屑褍	1
小写械谢邪褌褜	1
协谢褜谐褍薪	1
袩邪褉懈蟹芯写邪	1
袚邪褉褉懈	1
小芯褎邪	1
袩邪褌邪锌	1
孝邪屑邪蟹懈	1
袠褍褋褌懈薪邪	1
袚邪褉懈泄	1
袙邪薪	1
袣懈褉褟	1
袘械褉褌	1
啸褉懈褋褌懈邪薪	1
袙械薪械褉邪	1
小褍蟹邪薪薪邪	1
肖懈谢褟	1
袚褉懈谐芯褉懈懈	1
袗谢械泻褋邪薪写褉芯胁邪	1
袪懈屑邪	1
小邪褉芯	1
袥械械	1
袙邪褉谐邪薪芯胁	1
袦褍褋芯	1
袗薪懈褋邪	1
袠褌邪谢褜屑邪蟹芯胁薪邪	1
小邪褉胁懈薪邪蟹	1
孝邪斜褉懈蟹	1
楔懈褎芯	1
袙谢邪写懈屑懈褉胁	1
袣芯薪褌褋褌邪薪褌懈薪	1
袨写懈褋褋械泄	1
袗屑邪谢褟	1
袦械褏褉褍蟹	1
袨褋懈褟	1
袝褋懈褉	1
肖懈褉褍蟹	1
啸褍胁邪泄写芯	1
肖邪褏褉懈褟	1
袪芯褏懈谢褟	1
肖邪褉蟹懈薪	1
袨斜褉械蟹邪	1
小褍屑邪薪	1
袚芯褉	1
袦邪薪械	1
袦邪薪褋褍褉	1
协薪懈褋邪	1
袛邪薪懈褟	1
袠谢褜褏邪屑邪	1
袧邪斜懈芯谢芯	1
袛懈谢薪芯蟹邪	1
校褍谢褍	1
袣褍蟹薪械褑芯胁邪	1
孝褍薪谐	1
袙褟褔械褋谢邪胁邪	1
袘械谢褟泻芯胁	1
袠薪邪	1
袥懈谢邪薪	1
袦邪薪芯褋懈褌	1
袟褉械褉芯	1
袗谢屑褍褉邪蟹	1
袦械褏屑邪薪	1
孝邪写卸懈褉	1
协泄胁邪蟹	1
袗褋懈屑懈薪	1
袣褍褋褌邪褎邪	1
楔邪褏谢邪	1
袗谢邪褋泻邪褉	1
袦邪褏邪谢	1
协谢褜屑邪褉	1
袗泄斜邪薪懈蟹	1
袚邪屑邪褉	1
袝褌邪褉	1
校谢褜胁懈褟	1
袥邪褌懈褎邪	1
袪邪胁懈谢褜	1
小械谢懈屑	1
楔邪褏懈薪	1
袗屑懈谢褜	1
袛卸邪褗褎邪褉	1
袦邪泻褋邪写	1
袧懈谐芯褉邪	1
啸邪谢懈屑邪	1
小邪褗写懈	1
携泻褍斜写卸芯薪	1
袙邪写懈屑芯胁薪邪	1
袝褎懈屑芯胁邪	1
携褏褋邪薪	1
袗蟹懈谢褏邪薪芯胁薪邪	1
小邪写芯胁邪褟	1
袗薪邪褋褌邪褋	1
携褉芯褋谢邪	1
袗斜写褍写卸邪斜芯褉	1
袛懈写芯褉	1
袦褍褏邪屑邪写懈	1
袙邪谢懈写邪	1
小褍薪懈褟	1
袧褍褉邪谢懈	1
袧懈泻芯谢邪械胁	1
袩芯褉褌褉械褌	1
袪械斜械薪芯泻	1
小芯泻芯谢芯胁邪	1
袩邪褉薪褞	1
袛胁芯懈褏	1
袛械褌械泄	1
袝谐芯	1
袣褍蟹褟械胁邪	1
袦邪谢褜褔懈泻邪	1
孝褉芯懈褏	1
袚褉褍锌锌邪	1
袛懈邪褉邪	1
袘邪泄褋邪薪谐褍褉	1
袘邪褕懈褉	1
袧邪屑懈谐	1
袗褉懈邪薪	1
袙械谢褟	1
袗褎邪薪邪褋懈泄	1
袪邪写邪薪邪	1
袣芯褉芯谢褞泻	1
孝芯屑懈谢芯胁邪	1
挟谢褜械胁薪邪	1
袝谢	1
孝邪褉褕懈泻芯胁	1
笑胁械褌泻芯胁	1
袚芯褉懈褋谢邪胁	1
协屑褉懈褋	1
袦褍褉邪蟹	1
袗谢懈薪	1
袣芯薪褋褌邪薪褌懈薪芯胁薪邪	1
小邪屑褍泄谢芯胁薪邪	1
小褌邪薪懈褋谢邪胁芯胁薪邪	1
袥褜胁芯胁薪邪	1
袦懈褉懈薪邪	1
袦褍谢谢邪褉懈	1
肖械写褟泻懈薪邪	1
袗褉懈邪写薪邪	1
袦懈褉褉邪	1
袠褋邪泄	1
袧邪褋褌邪褋褜褟	1
袙械谢懈薪邪	1
袦邪褉谐	1
袛邪谐邪械胁邪	1
袣邪褉懈薪褝	1
袘械泻褌褍褉	1
袙邪谢械褉懈邪薪	1
袛邪薪懈械谢	1
袧械泻褉褍蟹斜械泻	1
校屑懈写卸芯薪	1
袚邪斜褉懈	1
袣芯谢械褋薪懈泻	1
小褌械锌邪薪芯胁邪	1
孝芯屑懈谢懈薪邪	1
袥懈薪懈蟹邪	1
肖芯褌懈褏斜械泻	1
挟褋褍锌	1
袥褞屑懈谢邪	1
袘邪泻褘褌	1
袦邪褏懈薪邪	1
小邪芯写邪褌	1
袨谐邪薪械褋	1
协褉懈泻邪	1
袙邪卸邪	1
袪褍褎懈屑邪	1
袪芯蟹邪谢懈薪邪	1
小褍屑邪泄褟	1
袘褍蟹械泄薪械锌	1
袧褍褉邪谢懈屑	1
袦邪胁蟹褍薪邪	1
袣邪屑斜邪褉芯胁邪	1
协褋屑械褉邪谢褜写邪	1
协褋屑懈褉邪谢褜写邪	1
袛懈褟薪邪	1
袩邪褌褉懈薪邪	1
袠谢懈邪薪邪	1
袚械薪褉懈械褌褌邪	1
袥褍泻械褉懈褟	1
袗泄褕邪薪	1
小褍胁邪泄斜邪	1
袛卸邪胁懈写邪薪	1
袦懈褉邪薪	1
袨谐械斜械泻	1
啸褍褉褋邪薪写斜械泻	1
袗泄谐褍薪	1
袗泄褌邪写卸	1
袗褋懈屑邪	1
袚褞薪械谢	1
袦芯谢懈泻	1
袗斜褉邪屑芯胁	1
袟褍斜泻芯胁	1
袩邪薪泻芯胁	1
小邪褔泻芯胁	1
袗谢械褋邪	1
袗谢褜写芯薪懈薪邪	1
袝胁褎懈屑懈褟	1
校褋褌懈薪懈褟	1
袠褉邪薪邪	1
袟邪蟹邪	1
袚褉邪褔械胁邪	1
袝褉褕芯胁	1
小械写芯胁	1
啸邪褎懈蟹邪	1
袪褍屑懈褟	1
袨褌褔械褋褌胁芯	1
袠褋褉邪屑	1
袙械薪械写懈泻褌芯胁邪	1
袚懈芯褉谐懈	1
袦械褏屑械褌卸邪薪	1
袙械薪褟	1
袗屑懈谢邪	1
袥邪薪懈邪泻械褟	1
协谢褟	1
啸邪褋邪薪斜械泻	1
袠薪写卸懈	1
袚懈褟褋	1
协谢褕邪薪	1
袠褋谢邪屑斜械泻	1
袠褋谢芯屑斜械泻	1
袛懈谢芯胁邪褉	1
袦邪褉褏邪	1
袗泄褝谢懈薪邪	1
袦褍褏褏邪屑邪写	1
袣邪写懈褉斜械泻	1
袩褉懈屑械褉薪芯	1
袗泄写懈斜械泻	1
袣褉芯锌邪褔械胁	1
袙邪薪械褋褋邪	1
袦褍褕械褌	1
袗褉褋褌邪薪	1
袗写懈谢褜	1
袘懈谢邪谢	1
袗写械屑懈	1
孝褝泄屑褍褉	1
袗谢械泻褋械械泄	1
孝械泄屑褍褉	1
袦邪写邪褌	1
孝邪屑懈褉	1
袪邪褍谢	1
袗褋谐懈薪邪蟹	1
楔邪褏褉褍褏	1
楔芯褏褉褍褏	1
袗屑械谢懈	1
袚芯邪褉懈泻	1
袗薪谐薪邪	1
小械屑邪	1
袗斜写褍谢褉邪褏屑邪薪	1
袣邪屑懈谢	1
袦械褏褉邪斜	1
小邪薪写褉邪	1
袧邪写褞褕邪	1
袧邪泄谢褟	1
袗薪褉褘	1
楔邪褉懈褎写卸芯薪	1
袚褍薪械谢	1
袘邪谢褜褑褍褉邪	1
袧邪褍屑	1
协谢屑懈薪	1
孝褉芯褕邪	1
袛邪胁谢邪褌邪谢懈	1
袧懈泻芯谢芯蟹	1
袗胁褝褌	1
袧懈薪芯	1
袟懈械褉褌邪褕芯	1
袧械褎械谢懈	1
袪褍泻	1
袙邪褉械褔泻邪	1
携褋薪邪	1
袨谢谐懈	1
袗褉泻邪褕邪	1
袗屑褉褍谢芯	1
袘邪褏褉褍谢芯	1
小褍褏褉芯斜写卸芯薪	1
楔械褉写懈谢	1
袗谢械泻褋邪薪褉写	1
袗褉褋械薪懈	1
袗薪邪褋褌邪褋褜褟	1
袦芯褏褜屑邪写	1
袦邪褉懈邪薪	1
袙懈芯谢械褌邪	1
袦邪褉褎邪	1
袦邪泻褋懈屑懈谢懈邪薪	1
袗写械谢褜	1
小芯斜懈褉	1
袦褍褏邪屑屑邪写卸芯薪	1
袗谢械褌褌邪	1
袟械屑谢褟薪懈褔泻邪	1
袛械屑械薪褌懈泄	1
小邪屑褋芯薪	1
袦械谢邪薪褜褟	1
袣懈谢懈谢谢	1
袗褉褋械薪懈褟	1
袗薪写褉褝	1
协屑邪	1
袣芯褎褌褘	1
袙谢邪写褘褋谢邪胁	1
袙谢邪褋褌邪	1
小褌邪胁褉	1
袦邪褌懈薪	1
小邪褉斜芯薪	1
小芯褉斜芯薪	1
袠谢褟	1
袙邪褋褟	1
袠褉邪懈写邪	1
袦邪褉卸	1
袦邪褉卸芯薪邪	1
袥邪胁褉	1
袧芯褉邪	1
协谢屑芯薪	1
袙械薪懈邪屑懈薪	1
楔邪褏谢芯	1
袗谢懈写卸芯薪	1
袨谢懈屑写卸芯薪	1
袪邪写懈褋谢邪胁	1
袚谢邪褕邪	1
袚谢芯褉懈褟	1
袣褋械薪褜褟	1
袧芯写懈褉斜械泻	1
袪褍褏褕芯薪邪	1
袧懈蟹褉懈薪	1
肖懈褉写邪胁褋	1
袨斜懈写邪屑芯	1
袣褍谢懈泻芯胁	1
袠褉	1
袩懈褔褍谐懈薪邪	1
袦械谢邪薪懈	1
袧邪褌邪谢褌褟	1
校褋褌懈薪邪	1
袧邪写械写卸邪	1
孝懈薪邪	1
袚械胁芯褉谐	1
袣懈褉懈谢谢芯胁薪邪	1
袗褉泻邪写褜械胁薪邪	1
袙邪谢械褉褜褟薪芯胁薪邪	1
袚械芯褉谐懈械胁薪邪	1
挟薪懈褋芯胁薪邪	1
袗屑懈薪邪褌	1
袥邪谢邪	1
小邪谢懈屑邪褌	1
啸邪写懈褔邪褏芯薪	1
楔懈褉芯蟹斜械泻	1
楔械褉芯蟹斜械泻	1
袛芯胁褍写斜械泻	1
袘邪褉蟹褍	1
袚褍蟹械谢褜	1
袛芯褋褌邪胁懈褌褜	1
袟邪褋褘锌泻懈薪	1
袛邪褟薪邪	1
袦械褉懈写邪	1
袦邪褉谐芯	1
孝械屑邪	1
袦懈褉褜褟薪邪	1
袧懈褋芯	1
袟褍谢褟	1
袣褍屑褍褕	1
袦械褏褉芯斜械泻	1
袗褏邪写褍褉	1
袪邪褎邪懈谢	1
校屑褍写	1
协谢褜薪褍褉	1
袗蟹邪褌	1
袘褉懈谢懈邪薪褌	1
袙械褎邪	1
袚褞薪邪泄	1
袥褟屑邪薪	1
袧邪懈谢邪	1
小械胁懈薪褔	1
袛屑懈褌褉泄	1
袣邪屑邪谢邪	1
袗褋褌械屑懈褉	1
小褌械褎褎邪薪懈褟	1
袗斜写褍褉褉邪褏屑芯薪	1
袨谢械褋懈褟	1
挟写卸懈薪	1
袦懈泻邪褝谢	1
袩懈谢褞褕泻懈薪	1
携褕懈褏懈薪	1
袥械胁芯薪	1
袗褉薪芯	1
袦邪褉懈械褌邪	1
袦械褉懈	1
袨写懈薪邪械胁邪	1
袗斜写褍褏芯谢懈泻	1
袣懈锌褉懈褟薪芯胁	1
袠械褌邪褉	1
袙邪写褍写	1
袨褟褌斜械泻	1
校屑褍褌	1
小械褌芯褉邪	1
肖邪褉蟹芯薪邪	1
肖械写芯褌芯胁邪	1
小邪褉屑懈薪懈	1
袦褍褏邪屑械写	1
袗薪薪懈	1
袗薪懈褕邪	1
校谢褜褟薪	1
楔褍褕邪薪薪邪	1
校褋褌懈薪	1
袧邪蟹懈褉	1
袘褍褉邪褋褌邪薪	1
小懈屑邪	1
袙械谢褌邪	1
袪邪褌屑懈褉	1
袟邪屑懈薪邪	1
袧褍褉邪泄	1
袩薪邪褉	1
袗斜褍芯屑懈褉	1
袗薪懈褋邪斜芯薪褍	1
袘懈斜懈褎芯褌懈屑邪	1
袪邪蟹屑懈泻	1
袛卸芯薪芯薪邪	1
袧芯胁褉褍蟹	1
袘械谢芯胁	1
袗泻褋邪薪邪	1
袧邪褉蟹邪薪懈薪	1
袥懈褌芯胁泻邪	1
孝械锌谢褟泻芯胁	1
袚邪胁褉懈谢	1
袚械芯褉谐薪懈泄	1
袣芯薪褋褌邪薪褌	1
袗写褘谢褜	1
携泻芯胁谢械胁	1
袗褉褍褌褞薪	1
袧褍褉邪	1
袗褏褉芯褉斜械泻	1
袦械谢泻懈薪邪	1
袦芯褉芯蟹	1
啸褍屑芯械薪	1
袗屑褉懈褟	1
楔芯褏懈屑芯褉写芯薪	1
袨写懈薪邪褏邪薪	1
肖邪褉懈褕褌邪	1
袘懈斜懈褏邪写懈褔邪	1
肖邪褉邪薪谐懈褋	1
啸邪斜懈斜褍谢谢芯	1
袘邪褏褉芯屑	1
袦芯褏懈薪褍褉	1
袚邪褕褍屑	1
袗写卸懈械胁邪	1
袦褍褋褌邪褎邪	1
袪邪褍谢褜	1
协屑懈薪邪	1
肖褉懈写邪	1
袗褎械谢懈褟	1
袚懈械褋芯胁	1
袪邪褋懈薪	1
袚邪屑懈屑	1
袣懈薪褞谢褜	1
袧褍褉邪薪邪	1
袘械泻蟹芯写	1
袙邪褉褌褍懈	1
袚褞谢褜屑懈褉邪	1
楔芯屑邪褏屑邪写	1
袝褋邪屑懈薪	1
小懈写褉邪	1
孝邪褏屑懈薪邪	1
肖邪褉懈蟹邪	1
袙褋械胁芯谢芯写芯胁薪邪	1
袗褋谢邪薪	1
袥械泄谢懈	1
袗薪写褉邪薪懈泻	1
袦褍褕械谐	1
袠斜褉邪谐懈屑芯胁邪	1
小芯褎褟褜	1
楔邪屑懈谢褜褋褌邪薪	1
袚褍谢褋褍屑	1
袗褉褍褋懈泻	1
袦邪褏褏邪屑邪写	1
袚邪写卸懈	1
小械屑械薪芯胁薪邪	1
小褍褉械薪芯胁薪邪	1
袗泄褋械谢褜	1
孝褍泻	1
孝褏褍	1
袗薪邪褋写卸芯薪	1
袧邪褉谐懈褋	1
袠谢谢邪褉懈芯薪	1
袦褍褉邪褌	1
袝褋褑褘	1
袪懈蟹胁芯薪褕芯	1
袨褋懈薪芯褌	1
袩谢邪褌芯薪芯胁	1
袗薪写褉懈邪薪	1
袗薪邪褋褌邪褋懈懈褟	1
袙邪谐械	1
协薪褌芯薪懈	1
小褍褏邪泄谢	1
袣芯褉芯谢懈薪邪	1
袠薪褏褍	1
小懈褉芯卸懈写懈薪	1
袗斜褍屑褍褋谢懈屑	1
袦邪褉褜褟	1
小褍褉褍褕	1
袛芯褉芯斜	1
袦邪褏写懈	1
袚褍谢褉褍褏褋芯褉	1
袦褍褏邪屑屑邪写褉邪褋褍谢	1
袦邪谐械褉褉邪屑	1
袛卸械薪械褌	1
啸邪屑蟹邪	1
袗褉械胁懈泻	1
袗薪邪懈褌	1
袗泻芯锌	1
啸邪褔邪褌褍褉	1
袧胁邪褉写	1
携泻褍斜	1
袣邪谢褞卸薪邪褟	1
小懈褌芯胁褋泻邪褟	1
袙芯谢芯写褟	1
袠褋泻邪薪写邪褉	1
袧邪蟹芯谢懈薪	1
楔芯褏薪褍褉邪	1
袣芯屑芯谢邪	1
袚械薪薪邪写褜械胁薪邪	1
袣邪屑懈谢褟	1
袥械胁芯薪芯胁薪邪	1
袦邪泄褋泻懈泄	1
袥褞写屑懈谢谢邪	1
袗褗蟹邪屑褏芯薪	1
袦懈褉蟹邪褉邪褍褎	1
孝邪褉邪薪邪	1
袧邪	1
袗谢邪薪	1
袦邪谐邪褉褉邪屑	1
袨褉褍写卸	1
袗泄写邪	1
袚邪褌懈斜邪	1
袛邪屑谢邪	1
小邪薪懈褟	1
袩褉芯褉褌褉械褌	1
袣邪谢懈薪懈薪邪	1
袨褋褌邪锌械薪泻芯	1
袠胁邪褖械薪泻芯	1
袣械谢谢械褉	1
袣芯蟹谢芯胁	1
袗写褉懈邪薪邪	1
袧邪写械卸写褘	1
挟褋褌懈薪邪	1
袦懈褕泻邪	1
袠蟹蟹邪褌褕芯械胁邪	1
袠褏褌懈褟褉斜械泻	1
袗褉懈邪薪薪邪	1
袗泄屑邪薪	1
孝邪褌褟薪邪	1
小褌邪薪褔芯	1
袙邪褋懈谢懈褋褋邪	1
袠褉褝薪邪	1
袥懈谢懈谢褟	1
袨褋泻邪薪邪	1
袧懈械蟹屑芯	1
袩芯屑械薪邪	1
袗褉屑懈薪械	1
袧邪薪邪	1
袝屑懈谢	1
袧邪懈谢	1
袘邪谢邪褕芯胁邪	1
袞写邪薪芯胁懈褔	1
袗薪褋褌邪褋懈褟	1
袙褋芯锌懈褌邪褌械谢褜	1
袥械胁芯谐芯	1
小胁械褌芯褋谢邪胁邪	1
小薪械卸邪薪薪邪	1
小褍褉邪泄泻懈薪	1
袘邪褏褌芯胁邪褉	1
袦械泻褉芯胁邪褉	1
袦械褏褉芯胁邪褉	1
袝胁械谢懈薪邪	1
袩褉褍褋邪泻芯胁	1
袦邪褟	1
袩邪胁谢邪	1
袝写谐芯褉	1
袛懈谢芯褉邪	1
校谢褜褟薪褟	1
袘邪泄褌褍谐芯薪	1
袛屑懈褎懈懈	1
校褔懈褌械谢褟	1
袠泻褉邪屑	1
袦褍褏邪屑屑邪写械褋懈薪	1
小邪懈写邪褏褌邪屑	1
袗褋懈褟	1
楔芯写懈械薪邪	1
楔芯写懈械薪褏邪	1
楔芯写薪械薪邪	1
袠褋褏芯泻	1
袦械褏褉懈褟	1
袗褎懈薪	1
袪褍屑褟薪褑械胁邪	1
袦邪褉懈泻邪	1
袗谢械褋懈褟	1
些械写褉懈薪邪	1
袛卸邪胁懈写	1
袚褞谢褜写邪褋褌邪	1
袛邪薪懈懈谢谢	1
袦邪泻褋懈屑懈谢褜褟薪	1
袛邪胁褉芯薪斜械泻	1
小屑芯褉芯写芯胁	1
袪邪泄褏芯薪邪	1
袦褍斜芯褉懈蟹	1
袦邪褏屑褍写卸芯薪	1
袚谢邪蟹邪	1
袠泻褉芯屑卸芯薪	1
袦邪蟹懈褏邪褉	1
袞械薪邪	1
袞懈蟹械谢褜	1
袙褋械褌谢邪薪邪	1
袪芯屑懈褉芯	1
小懈屑械芯薪	1
啸懈薪写芯谢	1
小邪褉写邪褉	1
袪邪屑懈薪邪	1
小邪写褍谢芯	1
袠薪褌懈谢邪屑	1
袧邪蟹褍屑	1
袦邪泻泻邪	1
袦褍褏邪屑邪写卸芯薪	1
挟薪褍褋	1
袗屑懈褉芯邪	1
袗褏邪写卸芯薪	1
袗薪懈泻邪	1
小邪褎懈薪邪	1
小褍斜褏懈褟	1
啸褍屑邪褉邪	1
袗斜懈写械	1
袗泄褋械蟹懈屑	1
楔芯褏懈薪邪	1
袪芯屑懈谢褟	1
袩械褉芯蟹	1
小邪写邪褉蟹芯写邪	1
袘械薪褟屑懈薪	1
袗泻斜邪褉褕芯	1
协褏褋芯薪	1
袦邪泄褉邪屑	1
袪芯褏懈谢邪	1
袦邪薪胁械谢	1
协谢懈蟹邪	1
袗胁褉芯褉	1
袗斜写褍褋邪屑邪写	1
袗褟薪邪	1
袚褍谢薪芯褉	1
小褍褝谢谢邪	1
肖械褉褍蟹邪	1
啸邪写卸邪褉	1
啸邪屑懈写邪	1
肖邪褉谐懈褟	1
袠胁邪薪芯胁邪	1
小邪谐写懈邪薪邪	1
袗谐邪褎芯薪芯胁邪	1
袣褍褉斜邪褌芯胁邪	1
袣邪锌褘褕械胁邪	1
袗谢褌褘薪	1
袗褉械泻褋邪薪写褉	1
袧褍褉褍写写懈薪	1
袦邪谢懈泻褕械褉	1
小械谢懈薪邪	1
孝懈屑懈褉谢邪薪	1
肖邪褉懈写褍薪	1
袧懈泻懈褌懈邪	1
袙懈薪懈邪屑懈薪	1
袧懈谢	1
袝胁邪薪谐械谢懈褟	1
袝泻褌邪褌械褉懈薪邪	1
袥械泄褋邪薪	1
袧懈泻芯谢懈薪邪	1
袠褋褎邪薪写懈械褉	1
袗斜斜褍斜邪泻褉	1
袙懈褋芯谢邪	1
啸褍褉褕懈写斜械泻	1
小芯谢械褏	1
袗谢械泻褋泄	1
袝褋薪懈褟	1
袗褉懈褋褌邪褉褏	1
袦械泻械褉谐	1
袗薪写褉懈褋	1
袛懈谢褜蟹芯写邪	1
袙械褉褏	1
袧懈蟹	1
袩芯	1
袟薪邪泄泻懈	1
袦懈褌褉懈泄	1
袙懈褌邪褍褌邪褋	1
袣芯褉褕褍薪芯胁	1
袪邪写懈芯薪	1
携褉芯锌芯谢泻	1
肖懈谢懈锌锌芯胁	1
袗薪褍褕	1
袗泄谐褞薪	1
袧邪写懈薪	1
袣邪懈褉	1
袗褏褉芯褉	1
袗薪褌褍邪薪	1
袠薪泻邪懈褉	1
小邪谢胁邪褉	1
袩邪泄褉邪胁	1
小褍谢邪泄屑芯薪	1
袪械薪邪褌懈	1
袗屑邪褉	1
袗泄褎械褌	1
袗褎邪褌	1
袗泻褕懈薪	1
袛芯胁邪谐邪薪	1
袪械锌泻懈薪邪	1
小褍斜褏邪薪	1
袘芯褟薪邪	1
孝褘薪邪褉斜械泻	1
袗泻褘谢邪泄	1
袗斜写褍谢谢芯卸芯薪	1
袦邪薪邪褋邪	1
孝邪褉褏邪薪	1
袝褉褋褍谢褌邪薪	1
袦邪褌械胁芯褋芯胁	1
袘械谢谢邪	1
袙谢邪写谢械薪	1
袦懈褉写卸芯薪芯胁	1
袗蟹邪	1
孝懈褏芯胁邪	1
袣懈屑邪	1
协薪褝褉褝谢	1
袥褟谢褟	1
袧邪褌邪薪	1
袨斜褉邪斜芯褌泻邪	1
袩褉褌褉械褌	1
袩邪褌褉懈泻	1
袠褍谢懈邪薪懈褟	1
协薪薪懈	1
袪邪写屑懈褉	1
孝褝芯薪邪	1
袟邪屑斜械泻	1
袚芯邪褉	1
袪芯写懈褋谢邪胁	1
小褍谢邪泄屑邪薪	1
袚褍谢薪邪蟹邪褉	1
楔邪褏芯写邪褌	1
袘邪褏褉邪屑	1
袣邪褌褉懈薪邪	1
啸邪薪懈褎邪	1
袙械褉械胁泻褍	1
携褉芯褋谢邪胁薪邪	1
校屑懈写	1
孝褍褉锌邪谢	1
袘芯褕	1
袠褋泻邪薪写械褉	1
小懈褌芯褉邪	1
袠斜褉邪褏懈屑	1
肖邪褉褏懈写写懈薪	1
袗褋邪写褍谢谢芯	1
袩械谢邪谐械褟	1
袣谢邪褉邪	1
袠谢械褋	1
楔邪屑懈谢	1
袘褍卸谢邪薪芯胁	1
小邪泄褟写	1
袙懈褌邪	1
袥械胁邪	1
袧械	1
袩芯褔懈褋褌懈褌褜	1
袚械芯谐褉懈泄	1
袠胁邪薪芯胁	1
袗谢械泻褋邪薪写	1
肖械胁褉芯薪懈褟	1
袨褌邪卸芯薪	1
袪邪写懈泻	1
袪芯蟹懈褟褏芯薪	1
楔芯褏卸邪褏芯薪	1
袘械谢褍褞	1
小邪褉邪斜械泻芯胁邪	1
袗斜写褍褋芯谢械褏	1
袗褎褋邪薪邪	1
袛邪胁褍写褏芯薪	1
袦褍褏邪屑屑邪写褏芯薪	1
袛懈谢芯褉芯屑	1
袪芯屑懈薪邪	1
袗斜褍褌芯谢懈斜	1
袘械薪械屑懈薪	1
袥械胁邪薪	1
挟褋械褎	1
袧芯褉懈泻	1
袘芯褌懈褉泻芯薪	1
袪邪屑蟹邪薪	1
袪褍褏褋芯褉邪	1
小械胁邪褉邪	1
袘械谢芯谢	1
袗褋懈谢邪	1
袟邪泻邪褉懈褟	1
袧械锌褉褍蟹	1
楔懈褉懈薪芯泄	1
袦褍褏褌邪写懈	1
袨褉邪褕	1
袞邪屑褕懈写	1
袗泻斜邪褉	1
肖邪泄蟹懈写写懈薪	1
肖邪褏褉懈写写懈薪	1
袟邪泻懈褟	1
孝芯屑懈褉懈褋	1
袛芯谢薪懈褕懈薪	1
小邪薪懈褎邪	1
袗谢械泻褋邪薪写褉懈薪邪	1
袘褉懈写卸械谢	1
袦邪薪写邪谢懈薪邪	1
袠褉邪泻谢懈泄	1
袪邪谐薪邪褉	1
挟谢懈邪薪	1
袧褍褉邪褎褕芯薪	1
袛屑懈褉懈泄	1
袛褍褋褟	1
袗薪邪褋褌邪褋褌懈褟	1
袗谢械泻褋械	1
肖械谢懈褔懈褟	1
袘芯斜褍褉	1
小邪邪写	1
袗薪邪褏懈褌邪	1
袗胁褉械谢懈褟	1
袗屑懈薪写卸芯薪	1
袗褏写懈褟	1
袟褍谢褎芯薪邪	1
袗泻屑邪谢	1
啸邪斜懈斜	1
袥懈谢褟薪邪	1
袦芯褎懈褟	1
楔褍泻褉邪薪邪	1
携褏褜褟	1
袚褍谢褜褕邪薪	1
袚褞谢褜褕邪薪	1
袛卸邪胁邪薪褕懈褉	1
小械谐懈写邪	1
小褍谢褌邪薪邪	1
校屑屑邪	1
袗薪邪褋褌褋懈褟	1
协屑褉械	1
袗写褏邪屑卸芯薪	1
啸邪褋邪薪褕芯褏	1
啸褍褋邪薪褕芯褏	1
小芯褉芯	1
袥邪泄谢芯	1
袦薪懈褉邪	1
袙懈薪褜械褌泻邪	1
肖褉芯谢	1
啸懈谢芯谢	1
袚褍谢褜褔械褏褉邪	1
袨褌邪斜械泻	1
袧懈褉懈谢谢	1
楔芯褉褝薪邪	1
楔芯褌邪	1
楔邪泻懈褉邪	1
袣褋械薪褟	1
袦褍褏褏邪屑邪写褞褋褍褎	1
袗褋邪谢	1
袧邪褉屑懈薪	1
协谢胁懈薪邪	1
袚邪写卸懈薪邪	1
袧褍褉褍谢谢芯褏芯薪	1
袧褍褉褍薪芯褏褏芯薪	1
袗蟹懈蟹斜械泻	1
袛屑懈褌褉懈械胁邪	1
袣谢懈屑芯胁邪	1
袧懈泻芯谢邪械胁懈褔	1
袗褋械谢褜	1
袛邪薪懈褟谢	1
袨蟹邪泄褉	1
袩械褌褟	1
孝械芯写芯褉邪	1
袚芯褑	1
袝薪械薪邪	1
啸褍褋邪薪斜芯泄	1
袦芯薪褌械	1
携褕邪	1
袪芯卸写械褋褌胁械薪褋泻邪褟	1
袠屑邪薪	1
袘械泻芯胁	1
