袗谢械泻褋邪薪写褉芯胁薪邪	415
袙谢邪写懈屑懈褉芯胁薪邪	385
袧懈泻芯谢邪械胁薪邪	358
小械褉谐械械胁薪邪	303
袙懈泻褌芯褉芯胁薪邪	276
袗薪邪褌芯谢褜械胁薪邪	217
袗谢械泻褋械械胁薪邪	215
袠胁邪薪芯胁薪邪	201
挟褉褜械胁薪邪	183
袦懈褏邪泄谢芯胁薪邪	166
袝胁谐械薪褜械胁薪邪	136
袙邪褋懈谢褜械胁薪邪	130
袗薪写褉械械胁薪邪	102
袙邪谢械褉褜械胁薪邪	99
袚械薪薪邪写褜械胁薪邪	81
袙褟褔械褋谢邪胁芯胁薪邪	79
袗谢械泻褋邪薪写褉芯胁懈褔	78
袘芯褉懈褋芯胁薪邪	78
袩械褌褉芯胁薪邪	77
小械褉谐械械胁懈褔	74
袠谐芯褉械胁薪邪	73
袛屑懈褌褉懈械胁薪邪	73
袨谢械谐芯胁薪邪	68
袩邪胁谢芯胁薪邪	65
袙邪谢械薪褌懈薪芯胁薪邪	63
袗谢械泻褋械械胁懈褔	62
袗薪写褉械械胁懈褔	50
袙懈褌邪谢褜械胁薪邪	45
袣芯薪褋褌邪薪褌懈薪芯胁薪邪	44
袛屑懈褌褉懈械胁懈褔	42
袙谢邪写懈屑懈褉芯胁懈褔	41
袚械芯褉谐懈械胁薪邪	35
袨斜谢芯卸泻邪	34
袦懈褏邪泄谢芯胁懈褔	30
袧懈泻芯谢邪械胁懈褔	30
袛芯锌	29
袪芯屑邪薪芯胁薪邪	29
袝胁谐械薪褜械胁懈褔	28
袪芯褋褌	27
袙懈薪褜械褌泻邪	26
肖械写芯褉芯胁薪邪	25
袙懈泻褌芯褉芯胁懈褔	25
袥械芯薪懈写芯胁薪邪	25
袪芯屑邪薪芯胁懈褔	24
袨谢械谐芯胁懈褔	23
挟褉褜械胁懈褔	23
袠谐芯褉械胁懈褔	22
袚褉懈谐芯褉褜械胁薪邪	20
袙邪写懈屑芯胁薪邪	20
袦邪泻褋懈屑芯胁薪邪	20
袥褜胁芯胁薪邪	19
袩邪胁谢芯胁懈褔	19
袙邪褋懈谢褜械胁懈褔	17
袙褟褔械褋谢邪胁芯胁懈褔	16
袠胁邪薪芯胁懈褔	16
协写褍邪褉写芯胁薪邪	16
袙谢邪写懈褋谢邪胁芯胁薪邪	15
袛械薪懈褋芯胁薪邪	15
袛械薪懈褋芯胁懈褔	15
小褌邪薪懈褋谢邪胁芯胁薪邪	15
袙邪谢械褉褜械胁懈褔	15
袗薪邪褌芯谢褜械胁懈褔	14
袠谢褜懈褔	14
袙懈褌邪谢褜械胁懈褔	13
袦邪泻褋懈屑芯胁懈褔	13
小械屑械薪芯胁薪邪	12
携泻芯胁谢械胁薪邪	11
袝谐芯褉芯胁薪邪	11
袘芯褉懈褋芯胁懈褔	11
袠谢褜懈薪懈褔薪邪	10
袙薪懈蟹	9
袗褉泻邪写褜械胁薪邪	9
袩械褌褉芯胁懈褔	9
袨褌谢懈褔薪懈泻	8
袗褉褌械屑芯胁懈褔	7
袚械薪薪邪写褜械胁懈褔	7
袩芯褉褌褉械褌	7
小褌械锌邪薪芯胁薪邪	7
袙邪写懈屑芯胁懈褔	7
袗褉褌械屑芯胁薪邪	7
袗薪褌芯薪芯胁薪邪	7
肖械写芯褉芯胁懈褔	6
袗薪褌芯薪芯胁懈褔	6
袨褌谢懈褔薪懈褑邪	6
小褌邪薪懈褋谢邪胁芯胁懈褔	6
袣褍蟹褜屑懈薪懈褔薪邪	5
袣芯薪褋褌邪薪褌懈薪芯胁懈褔	5
袗谢褜斜械褉褌芯胁薪邪	5
袙械薪懈邪屑懈薪芯胁薪邪	5
校斜褉邪褌褜	5
袗谢械泻褋邪薪写褉	5
袗褉褋械薪褜械胁薪邪	4
袥械芯薪懈写芯胁懈褔	4
袧械	4
协褌芯	4
袪褍褋谢邪薪芯胁薪邪	4
袙谢邪写懈褋谢邪胁芯胁懈褔	4
小械褉邪褎懈屑芯胁薪邪	3
袙芯蟹屑芯卸薪芯	3
袦邪褉懈褟	3
袙邪谢械褉懈械胁薪邪	3
袝谢械薪邪	3
袗薪薪邪	3
袙邪谢械薪褌懈薪芯胁懈褔	3
袙谢邪写懈谢械薪芯胁薪邪	3
袦邪谐芯屑械写芯胁薪邪	3
袪褍写芯谢褜褎芯胁薪邪	3
袚邪胁褉懈谢芯胁薪邪	3
袠芯褋懈褎芯胁薪邪	3
袗褉褌褍褉芯胁薪邪	3
袦邪褉邪褌芯胁薪邪	2
袛卸邪胁懈写邪薪	2
袦邪屑邪褕邪褉懈褎芯胁薪邪	2
袚械薪薪邪写懈械胁薪邪	2
袩懈褉褍蟹懈械胁薪邪	2
袝褋谢懈	2
孝懈屑褍褉芯胁薪邪	2
袗褉褌邪泻芯胁薪邪	2
协写褍邪褉写芯胁懈褔	2
袪褍褋褌邪屑芯胁薪邪	2
袣懈褉懈谢谢芯胁懈褔	2
袠褋褏邪泻芯胁薪邪	2
协谢写邪薪懈蟹	2
袠褉懈薪邪	2
挟褉斜械胁薪邪	2
袪褞褉懈泻芯胁薪邪	2
袛屑懈褌褉懈泄	2
小褌械锌邪薪芯胁懈褔	2
袦芯懈褋械械胁薪邪	2
袪褍褋谢邪薪芯胁懈褔	2
袦邪谐芯屑械写芯胁懈褔	2
袠胁邪褖械薪泻芯	2
袗褉褌褍褉芯胁懈褔	2
小褍褉械薪芯胁薪邪	2
袥褜胁芯胁懈褔	2
袚械褉屑邪薪芯胁薪邪	2
袪邪胁懈谢褜械胁薪邪	2
袚褍褉褜械胁薪邪	2
袛邪薪懈谢芯胁薪邪	2
袣懈褉懈谢谢芯胁薪邪	2
孝褍褌	2
袧懈泻芯谢邪械胁薪	2
袚械胁芯褉谐芯胁薪邪	2
袨屑邪褉懈械胁薪邪	2
袛邪薪懈懈谢芯胁懈褔	2
袚械薪褉懈褏芯胁薪邪	2
袗谢懈	2
袗褉褌械屑褜械胁薪邪	2
孝懈屑芯褎械械胁懈褔	2
袨写懈谢芯胁薪邪	2
袗谢懈卸芯薪芯胁懈褔	1
袦邪屑械写褕械褉懈械胁薪邪	1
袗谢谢邪	1
袛卸邪屑褕懈写芯胁薪邪	1
袗斜写褍屑邪薪邪锌芯胁邪	1
袗斜写褍谢邪褏芯胁懈褔	1
袚邪蟹邪泄懈褉芯胁薪邪	1
挟褋械褎	1
袚械芯褉谐懈械懈褔	1
袗褉屑械薪邪泻芯胁薪邪	1
袦邪褌胁械械胁薪邪	1
袦邪屑懈泻芯薪芯胁薪邪	1
袦邪薪胁械谢芯胁薪邪	1
袣芯谢谐芯褌泻懈	1
袚械褉斜械褉褌芯胁薪邪	1
肖械褉屑邪薪芯胁薪邪	1
肖褍邪写	1
孝芯褎懈谐	1
袗斜写褍谢邪械胁懈褔	1
协谢屑邪薪	1
袛卸邪屑邪谢芯胁薪邪	1
袪邪屑蟹懈	1
孝邪褌褜褟薪邪	1
袣邪褉邪屑	1
楔邪屑懈谢褜械胁薪邪	1
袦芯褏邪屑屑邪写	1
小邪写邪械胁薪邪	1
袣邪褉械薪芯胁薪邪	1
袞邪薪芯胁懈褔	1
袦械褎芯写懈械胁薪邪	1
袗薪懈褋懈屑芯胁	1
协谢褜屑邪褉芯胁薪邪	1
袙邪褉写邪薪芯胁薪邪	1
袗谢械泻褋械械胁邪	1
袦芯褟	1
袗褉褌械屑褜械胁邪	1
袠薪芯械	1
袗谢懈薪邪	1
袗褕褍褉斜械泻芯胁薪邪	1
袣褍褕薪邪蟹邪褉芯胁薪邪	1
袟邪谐懈褉斜械谐芯胁薪邪	1
袣邪蟹懈屑懈褉芯胁薪邪	1
袪邪褎懈谐芯胁薪邪	1
袦褍褉邪写芯胁薪邪	1
小邪屑胁械谢芯胁懈褔	1
袘邪谐褉懈屑	1
袗胁械褌懈泻芯胁薪邪	1
袙邪谐邪薪芯胁薪邪	1
袙褍谐邪褉芯谐谢褘	1
袘邪谢褜褑械褉	1
袩芯褋锌械谢芯胁	1
袘邪褉邪褕泻芯胁邪	1
袘邪褏褕邪谢懈械胁	1
袦邪谢懈泻	1
袘邪褕懈褉芯胁邪	1
袛邪薪懈褝谢褜	1
袣芯薪褋褌邪薪褜褌懈薪芯胁薪邪	1
校屑械薪褜褕懈褌褜	1
袚谢邪蟹	1
袘械谢褟泻芯胁邪	1
协胁邪谢褜写芯胁薪邪	1
袛邪褉褜褟	1
袣邪褉懈薪邪	1
袙褋械谐写邪	1
袦邪褉泻芯胁薪邪	1
袘芯卸械薪芯胁	1
袥褞写屑懈谢邪	1
袗薪蟹邪褍褉芯胁薪邪	1
袚芯胁芯褉褞	1
袗褎邪薪邪褋褜械胁薪邪	1
袘邪褌邪械胁懈褔	1
袘褍褌褘褉褋泻邪褟	1
袗斜写褍谢屑邪写卸懈写芯胁懈褔	1
袙邪谐邪褕泻懈薪邪	1
袧芯蟹懈屑芯胁懈褔	1
袙邪褋懈谢褜械胁	1
小械谐械械胁薪邪	1
袙邪褋懈谢褜械胁邪	1
袙邪褉褋邪薪芯胁懈械胁薪邪	1
袝胁	1
袘械蟹	1
袪芯斜械褉褌芯胁薪邪	1
袙懈薪芯谐褉邪写芯胁	1
袗谢械泻褋械械胁懈褔褍	1
袥褍褔褕邪褟	1
袧械泻芯褌芯褉褘械	1
袪褟斜懈薪懈薪	1
袙芯谢芯写褜泻懈薪邪	1
袪邪褎邪懈谢芯胁薪邪	1
袨褌褌芯胁懈褔	1
小邪谢褌邪薪芯胁薪邪	1
小锌邪褉褌邪泻芯胁薪邪	1
袣芯褉褕褍薪芯胁邪	1
袛邪薪懈谢	1
袧懈泻懈褌邪	1
袙邪褋懈谢褜胁薪邪	1
袙邪谢械薪褌懈薪邪	1
袝泻邪褌械褉懈薪邪	1
孝褏邪芯	1
袘芯谐写邪薪芯胁薪邪	1
楔械褉蟹芯写芯胁懈褔	1
袧邪屑懈谐芯胁薪邪	1
袚械褉屑邪薪芯胁邪	1
肖褉懈写褉懈褏芯胁懈褔	1
袧邪懈谢芯胁薪邪	1
袦邪谐邪屑械写芯胁薪邪	1
袠薪薪邪	1
袠锌褉邪胁懈褌褜	1
袚芯谢懈泻芯胁	1
小械胁褉谐械械胁薪邪	1
袚芯谢褍斜械胁邪	1
小械屑械薪芯胁懈褔	1
袙写屑懈褌褉懈械胁薪邪	1
袗谢械泻褋邪薪写褉褉芯胁薪邪	1
袗谐蟹邪屑芯胁薪邪	1
袣邪褉锌芯胁薪邪	1
袚褉械斜邪薪械胁	1
小芯褎懈褟	1
袣懈褉懈谢谢	1
袠谐薪邪褌褜械胁薪邪	1
袗屑懈褉邪褋谢邪薪	1
袚褍薪褟械胁	1
袚褍褋械胁邪	1
袘邪泄褉邪屑芯胁薪邪	1
袦邪褏屑邪写蟹邪褉懈褎芯胁懈褔	1
小褍褏邪泄谢懈械胁薪邪	1
小邪谢邪写懈薪	1
袥褍褌褎褍谢谢芯械胁薪邪	1
校屑邪褉	1
袚褉邪褔械胁懈褔	1
袛邪薪懈谢芯胁	1
袣芯邪薪	1
啸邪屑懈写芯胁薪邪	1
袙褟褔械褔褋谢邪胁芯胁薪邪	1
袪芯写懈薪泻褍	1
小邪褉写邪褉	1
袗谐邪谢懈械胁薪邪	1
袠谢褜谐邪褉芯胁懈褔	1
袘邪斜械泻	1
袛卸邪薪谐邪褉芯胁懈褔	1
袪邪屑懈谢褜械胁懈褔	1
袟懈薪邪褌褕芯械胁懈褔	1
袧械褌	1
袦懈褕邪	1
袛懈谢写芯褉斜械泻芯胁懈褔	1
携褉芯褋谢邪胁	1
些械谢褜	1
袗薪邪褋褌邪褋懈褟	1
袣邪屑懈谢芯胁薪邪	1
袦邪褏懈褉	1
效械谢芯胁械泻	1
袦械写胁械写褋泻邪褟	1
袠胁	1
孝邪薪褟	1
袝褉械屑械械胁邪	1
袠谢褜褟	1
袨谢褜谐邪	1
小邪胁械谢褜械胁薪邪	1
袙谢邪写懈屑	1
袙谢邪写懈屑懈褉芯胁	1
袥懈写懈褟	1
袞芯胁褌褟薪褋泻邪褟	1
袟懈谐邪薪褍褉芯胁薪邪	1
袙邪蟹谐械薪芯胁薪邪	1
袨褌褌芯胁薪邪	1
肖懈谢懈锌锌芯胁薪邪	1
袞褍褉邪胁谢械胁邪	1
袞褍褉邪胁谢械胁	1
袠谢褏芯屑卸芯薪芯胁懈褔	1
袗泻屑邪谢芯胁懈褔	1
小胁械褌谢邪薪邪	1
袙褋械屑	1
袦邪谢褜褔懈泻邪屑	1
袨褌泻褉褘褌褜	1
袚邪谢褋褌褍泻	1
袪邪屑懈谢褜械胁薪邪	1
袗谢屑邪蟹芯胁薪邪	1
携薪芯胁懈褔	1
袙懈褌芯谢褜写芯胁薪邪	1
袟邪锌芯屑薪懈	1
袧械褔械谐芯	1
袗褉懈褋褌邪褉褏芯胁薪邪	1
袟胁械褉械胁	1
袙械褌邪谢褜械胁薪邪	1
袥芯谐懈泻邪	1
袝屑械谢褜褟薪芯胁薪邪	1
袪褍写芯谢褜褎芯胁薪	1
楔邪屑懈谢芯胁薪邪	1
袙械懈褋	1
袠胁邪泻懈薪	1
袙邪褋懈谢褜械薪邪	1
袗谢械泻褋邪薪写褉胁懈褔	1
袧邪	1
袠胁邪薪芯胁	1
袠谐薪邪褌褜械胁懈褔	1
袙薪褍褌褉懈	1
袥懈褌胁懈薪芯胁邪	1
袛械胁懈械胁懈褔	1
袧芯褉屑邪谢褜薪褘褏	1
袚械褉邪褋懈屑芯胁薪邪	1
袧邪写械卸写邪	1
袥懈谢懈褟	1
袚械薪邪写芯胁懈褔	1
袠薪芯谐写邪	1
袧懈蟹邪屑懈	1
袛邪褟薪芯胁薪邪	1
袣邪斜邪薪芯胁邪	1
袗屑懈薪芯胁薪邪	1
袗蟹懈蟹斜械泻芯胁懈褔	1
袧懈泻芯谢邪泄	1
袣邪蟹屑芯胁懈褔	1
袝褎懈屑芯胁薪邪	1
小薪褍褉薪懈褑褘薪	1
袝胁谐褍薪褜械胁薪邪	1
袙褟褔薪褋谢邪胁芯胁薪邪	1
袗谢懈褕械褉芯胁薪邪	1
啸邪谢邪写写懈薪芯谐谢褘	1
袘褉芯薪懈褋谢邪胁芯胁薪邪	1
袘械泄写褍谢谢邪械胁薪邪	1
袣邪斜懈谢	1
袗谢械泻褋邪薪写褉芯胁懈	1
袩芯写薪械斜械褋芯胁邪	1
小械褉械械胁薪邪	1
袦芯蟹谐芯胁	1
袥械芯薪邪褉写芯胁薪邪	1
袗谢褜褎褉械写芯胁薪邪	1
袣芯蟹谢芯胁	1
协屑懈薪	1
协泄	1
袣芯屑械薪褋泻邪褟	1
袣芯屑锌邪薪懈械褑	1
袪邪胁懈谢芯胁薪邪	1
袝褎褉械屑芯胁薪邪	1
袗褏屑械褌芯胁薪邪	1
袨褌褋褍褌褋褌胁褍械褌	1
小邪屑芯褟胁褑械胁邪	1
袧械锌褉邪胁懈谢褜薪褘泄	1
袛邪薪懈懈谢芯胁薪邪	1
袙邪谢褜械胁薪邪	1
袘械卸邪薪芯胁懈褔	1
袣褍写邪褕芯胁邪	1
袩芯写褉芯胁薪褟褌褜	1
袣褍写褉褟胁褑械胁	1
袚褍褉屑邪褔械胁薪邪	1
袣褍蟹薪械褑芯胁	1
袣褍泻褋芯胁邪	1
挟褉褜械胁薪	1
袚谢邪蟹邪	1
袪芯斜械褉褌芯胁懈褔	1
袣褍锌褔懈泻	1
袘褉褜械胁薪邪	1
袝胁谐械薪褜械胁邪	1
袚械谢懈屑褏邪薪芯胁薪邪	1
小邪写卸褍械胁懈褔	1
袛邪胁谢邪褌芯胁懈褔	1
袥械斜械写械胁邪	1
袥械芯薪芯胁邪	1
小械薪	1
袥懈蟹邪	1
小械褉谐械械胁薪	1
孝邪褎懈泻芯胁薪邪	1
小邪褎邪褉芯胁薪邪	1
袥褍褑泻懈泄	1
袟邪谢屑褟薪芯胁薪邪	1
袥褞斜芯胁懈褔	1
袚邪褋斜褍谢谢邪械胁薪邪	1
袦懈褉蟹邪械胁薪邪	1
袪邪屑懈蟹芯胁薪邪	1
袗谢械泻褋邪薪写褉芯胁	1
袦邪蟹褍薪芯胁	1
袗谐邪屑褍褉邪写芯胁薪邪	1
协褌芯褌	1
袣褍褉斜邪薪芯胁薪邪	1
袗泻褉邪屑芯胁薪邪	1
袧褍褉谢邪薪	1
肖邪褏褉邪写写懈薪芯胁薪邪	1
袩芯	1
袗谢懈泻芯胁懈褔	1
袦邪褉械薪薪懈泻芯胁	1
袘械谢褍褞	1
袚褉邪褔懈泻芯胁薪邪	1
袦褘	1
袗谢械泻褋邪薪写褉芯胁懈褔邪	1
袪邪写卸懈	1
协褕褉械屑芯胁薪邪	1
协褕褉械褎芯胁薪邪	1
挟褉褜械胁懈	1
袦褍褋褌邪褎邪	1
袙邪褏褌邪薪谐芯胁薪邪	1
袪邪写懈泻芯胁薪邪	1
袚褉邪薪褌芯胁薪邪	1
袣芯薪褋褌邪褌懈薪芯胁薪邪	1
孝邪褌褍	1
挟薪懈褋芯胁薪邪	1
袪械胁邪蟹芯胁薪邪	1
袦懈谢褞褌泻懈薪邪	1
协褉懈泻芯胁薪邪	1
袝薪芯泻芯胁薪邪	1
袩褍褕泻懈薪	1
袧懈泻懈褌懈褔薪邪	1
袣邪泻	1
袝褉胁邪薪写芯胁薪邪	1
袦芯褉芯蟹芯胁	1
袗褉薪芯谢褜写芯胁薪邪	1
袗薪写褉械械胁薪	1
袦芯褋泻胁懈薪	1
袗斜写褍谢邪蟹懈蟹芯胁薪邪	1
袦褍褉邪写褟薪	1
袘邪褉褘褌芯胁薪邪	1
肖懈蟹褍谢懈械胁薪邪	1
袙邪褉褟	1
袣邪褋锌邪褉芯胁薪邪	1
袚邪屑懈写懈薪芯胁薪邪	1
袗斜写械谢褜	1
袘械泻懈褉芯胁薪邪	1
孝褍褉谐褍薪芯胁薪邪	1
袦褍褏懈薪邪	1
袧械写懈泻褋芯胁薪邪	1
肖邪褉懈写芯胁薪邪	1
袛邪胁谢邪褌屑褍褉芯写芯胁懈褔	1
袛邪胁谢邪褌屑褍褉芯写芯胁薪邪	1
袘械谐械薪褔械胁薪邪	1
袦褍褉邪写	1
袛屑懈褌褉懈械胁	1
袪邪蟹屑懈泻芯胁薪邪	1
袗薪	1
袗薪褜	1
袧谐芯泻	1
袘邪褌褜	1
孝褍薪谐	1
袧械泻褉邪褋芯胁	1
袚械谐邪屑芯胁薪邪	1
肖邪褌褏褍谢谢芯械胁懈褔	1
袧芯胁懈泻芯胁邪	1
袛械懈懈褋芯褌褕	1
袧芯胁芯卸懈谢芯胁邪	1
袧褍褉懈写写懈薪芯胁懈褔	1
袙邪褋懈褎	1
袦邪褉褌斜械泻芯胁薪邪	1
袩邪薪卸懈械胁懈褔	1
袚邪褉械谐懈薪芯胁薪邪	1
袦薪械	1
袨写懈薪邪械胁邪	1
袘邪褏褌懈械褉芯胁薪邪	1
袚芯写懈薪邪	1
袨屑芯薪芯胁邪	1
孝懈屑芯褎械泄	1
袛懈屑褌褉懈械胁薪邪	1
小锌械锌邪薪芯胁薪邪	1
小褌械锌邪薪芯胁薪	1
袧邪蟹懈屑芯胁薪邪	1
携泻芯胁薪邪	1
袧邪写芯	1
袚邪谢懈薪邪	1
孝芯褌	1
袩邪泄屑械褉芯胁	1
小懈蟹械褉	1
袩邪褉邪屑芯薪芯胁	1
袩邪褉褎械械胁	1
小谢邪胁芯胁薪邪	1
袩褉芯褏芯褉芯胁薪邪	1
袩械褌褉芯胁	1
袗胁械褉褜褟薪芯胁懈褔	1
袗褉褌褞褕械胁薪邪	1
袦褍斜芯褉邪泻褕芯械胁薪邪	1
袪邪褕懈写芯胁薪邪	1
袦邪褉褌褘薪芯胁薪邪	1
袠芯邪薪薪芯胁薪	1
袚械褉锌懈褋	1
袩芯谢褟泻芯胁邪	1
袗谢械泻褋邪薪谢褉芯胁薪邪	1
袗谢械泻褋邪薪写褉械胁薪邪	1
袣褉邪泄薪械谐芯	1
孝懈褏芯薪芯胁薪邪	1
袗褉褋械薪芯胁薪邪	1
袩谢邪褌芯薪	1
袩褉懈屑械褉芯胁邪	1
袦懈褏邪懈谢	1
袗褉屑械薪芯胁懈褔	1
袗写懈谢褜械胁懈褔	1
袗薪写褉械械胁懈褕	1
袚邪写卸懈械胁薪邪	1
袗斜写褍褏邪谢懈谢芯胁薪邪	1
袙芯	1
袩芯褉褌	1
袠褌邪谢屑邪蟹芯胁薪邪	1
袪芯褋芯谢芯胁懈褔	1
袙懈泻褌芯褉芯胁薪	1
袪褟蟹邪薪芯胁邪	1
袙邪邪谐薪芯胁薪邪	1
袗褉泻邪写褜械胁懈褔	1
小邪械褌褟薪芯胁薪邪	1
袚邪褉邪褎褍褌写懈薪芯胁薪邪	1
袗褉褋谢邪薪芯胁懈褔	1
袪褍写芯谢褜褎芯胁懈褔	1
袣邪褉械薪芯胁懈褔	1
孝邪懈褋邪	1
袚褍谢邪褏屑邪写芯胁薪邪	1
袧邪蟹懈屑	1
袨谢械谐芯胁薪	1
小械屑械薪械械胁	1
袪邪褋褍谢芯胁薪邪	1
袗谢械泻褋邪薪写褉芯胁褔	1
小械褉械斜褉褟泻芯胁邪	1
袘邪谐邪褌褘褉芯胁薪邪	1
小褍褌褜	1
袙邪谢械褉懈邪薪芯胁薪邪	1
袥懈褕褜	1
袗斜写褍屑褍褌邪谢懈斜芯胁懈褔	1
肖邪褌褏懈写写懈薪芯胁薪邪	1
小懈褌薪懈泻芯胁	1
小泻邪泻褍薪	1
袚械芯褉谐懈械胁懈褔	1
小屑懈褉薪芯胁	1
袛芯锌芯谢谐薪懈褌	1
小薪邪泻懈薪邪	1
袥邪锌褌械胁	1
袘褍写褜	1
袛懈蟹邪泄薪械褉褘	1
袪邪褎邪褝谢芯胁薪邪	1
袨褋薪芯胁薪芯械	1
袛褍斜谢褜	1
袗谢褜褎芯薪褋芯胁懈褔	1
小褌械锌邪薪芯胁邪	1
孝褉芯褎懈屑芯胁薪邪	1
袦褍褋邪械胁薪邪	1
袥褞褌褎懈械胁薪邪	1
小邪锌邪褉薪懈褟蟹芯胁懈褔	1
小褍褏芯胁	1
小褍褏芯褉褍泻芯胁邪	1
袝褖械	1
袧褍褉邪写写懈薪芯胁薪邪	1
孝邪褉邪泻邪薪芯胁邪	1
袥械谐泻芯	1
袘邪薪褌	1
袚械褉邪写褜械胁薪邪	1
袪懈薪邪褌芯胁薪邪	1
袣褉芯薪懈写芯胁薪邪	1
袧懈薪邪	1
协薪谐械谢械胁薪邪	1
袗褎邪薪邪褋褜械胁懈褔	1
袚谐芯褉芯胁薪邪	1
袙谢邪写懈屑懈褉械胁懈褔	1
袠褋谢芯屑芯胁薪邪	1
袟斜邪褋邪褉芯胁薪邪	1
袠褋屑邪懈谢芯胁薪邪	1
袪懈褎芯胁薪邪	1
袨褋薪	1
袨褌褔械褋褌胁芯	1
袪懈褕邪写芯胁薪邪	1
袩芯褔懈褋褌懈褌褜	1
袞芯褋械泄	1
袗屑械褉	1
袘邪褏褉邪屑	1
袗褕褍褉斜芯械胁薪邪	1
袙邪懈谢褜	1
袗褉褌邪屑芯薪芯胁薪邪	1
袚邪屑懈谢褜械胁薪邪	1
袚褉懈谐芯褉褜械胁懈褔	1
袘械谢芯泄	1
袗褉薪芯谢褜写芯胁懈褔	1
携薪芯胁薪邪	1
啸褍褕胁邪褏褌芯胁邪	1
袗褏褉芯褉芯胁薪邪	1
袧邪谢懈械胁薪邪	1
袪褍褋褌邪屑芯胁懈褔	1
孝懈屑褍褉芯胁懈褔	1
小褌邪薪芯懈褋谢邪胁芯胁薪邪	1
袪芯屑邪薪芯胁邪	1
袪褍斜懈泻芯胁薪邪	1
携泻芯胁谢械胁懈褔	1
袙褉械屑褟	1
效褍谐褍薪芯胁	1
袗谢械泻褋邪薪写褉芯胁懈褔褍	1
孝褉懈芯	1
肖芯褌芯泻薪懈谐邪	1
袨卸懈屑芯屑邪写芯胁薪邪	1
肖邪泄蟹褍屑褋芯械胁薪邪	1
肖械褉写懈薪邪薪写芯胁薪邪	1
袪芯褋褌懈褋谢邪胁芯胁薪邪	1
袚褉褍褋褌薪芯械	1
楔懈斜邪械胁	1
小褍褏褉芯斜芯胁懈褔	1
袪邪屑蟹懈械胁懈褔	1
袗褏屑械写芯胁薪邪	1
袙谢邪写懈屑褉芯胁薪邪	1
袙邪谢懈屑芯胁薪邪	1
楔屑械谢械胁邪	1
袗谢懈械胁薪邪	1
袧褍卸薪芯	1
袗褉邪屑芯胁薪邪	1
袚邪写卸懈屑邪谐芯屑械写芯胁薪邪	1
袗斜褉邪屑芯胁薪邪	1
挟褉谢芯胁	1
袗褋褘谢斜械泻芯胁薪邪	1
小胁褟褌芯褋谢邪胁芯胁懈褔	1
携泻芯胁谢械胁邪	1
袙邪谢械褉褜械薪邪	1
袛邪薪懈谢芯胁懈褔	1
袨褋褍卸写邪褞褌	1
